user_input,retrieved_contexts,response,reference,faithfulness,answer_relevancy,context_precision,context_recall
"In the context of propositional logic, how can one distinguish a tautology from a contradiction based on the possible truth values of a compound proposition?","['c) <math>((p \\rightarrow q) \\lor r)</math>: <math>(q \\lor \\overline{r})</math>;\nd) <math>((p \\vee \\overline{q}) \\vee r) \\rightarrow (p \\vee r)</math>.\n–ü–æ–±—É–¥–æ–≤–æ—é —Ç–∞–±–ª–∏—Ü—å —ñ—Å—Ç–∏–Ω–Ω–æ—Å—Ç—ñ\n4.\n–≤–∏—è—Å–Ω–∏—Ç–∏,\n—á–∏ —î\n—Ç–∞–≤—Ç–æ–ª–æ–≥—ñ—è–º–∏\n–≤–∏—Å–ª–æ–≤–ª—é–≤–∞–Ω–Ω—è:\na) <math>((p \\rightarrow q) \\land (q \\rightarrow r)): (p \\rightarrow r);</math>\nb) <math>((p \\rightarrow q) \\land (p \\rightarrow q)): (p \\rightarrow q);</math>\nc) <math>((p \\rightarrow q) \\land (q \\rightarrow q))</math>: p;', '<math display=""block"">=\\exists x \\neg (\\exists y (Q(x,y) \\land R(x_1))) = \\exists x \\forall y (\\overline{Q(x,y) \\land R(x)}) = \\exists x \\forall y (\\neg Q(x,y) \\lor \\neg R(x)).</math>\n12', '–æ–¥–Ω–∞–∫–æ–≤–∏—Ö –∑–Ω–∞—á–µ–Ω—å —ñ—Å—Ç–∏–Ω–Ω–æ—Å—Ç—ñ –Ω–∞ –±—É–¥—å-—è–∫–æ–º—É –Ω–∞–±–æ—Ä—ñ —ñ—Å—Ç–∏–Ω–æ—Å–Ω–∏—Ö –∑–Ω–∞—á–µ–Ω—å\n—Å–≤–æ—ó—Ö —Å–∫–ª–∞–¥–æ–≤–∏—Ö.\n–¢–∞–≤—Ç–æ–ª–æ–≥—ñ—è ‚Äì —Ñ–æ—Ä–º—É–ª–∞, —â–æ –≤–∏–∫–æ–Ω—É—î—Ç—å—Å—è —É –≤—Å—ñ—Ö —ñ–Ω—Ç–µ—Ä–ø—Ä–µ—Ç–∞—Ü—ñ—è—Ö (—Ç–æ—Ç–æ–∂-\n–Ω–æ —ñ—Å—Ç–∏–Ω–Ω–∞ —Ñ–æ—Ä–º—É–ª–∞). –ü—Ä–æ—Ç–∏—Ä—ñ—á—á—è ‚Äì —Ñ–æ—Ä–º—É–ª–∞, —â–æ –Ω–µ –≤–∏–∫–æ–Ω—É—î—Ç—å—Å—è —É –∂–æ–¥–Ω—ñ–π\n—ñ–Ω—Ç–µ—Ä–ø—Ä–µ—Ç–∞—Ü—ñ—ó (—Ç–æ—Ç–æ–∂–Ω–æ —Ö–∏–±–Ω–∞ —Ñ–æ—Ä–º—É–ª–∞). –§–æ—Ä–º—É–ª—É –Ω–∞–∑–∏–≤–∞—é—Ç—å –Ω–µ–π—Ç—Ä–∞–ª—å-\n<b>–Ω–æ—é</b>, —è–∫—â–æ –≤–æ–Ω–∞ –Ω–µ <math>\\epsilon</math> –Ω—ñ —Ç–∞–≤—Ç–æ–ª–æ–≥—ñ<math>\\epsilon</math>—é, –Ω—ñ –ø—Ä–æ—Ç–∏—Ä—ñ—á—á—è–º (–¥–ª—è –Ω–µ—ó —ñ—Å–Ω—É<math>\\epsilon</math> –ø—Ä–∏–Ω–∞–π–º-', '–¢–∞–±–ª–∏—Ü—è —ñ—Å—Ç–∏–Ω–Ω–æ—Å—Ç—ñ –±—É–¥–µ —Ç–∞–∫–æ—é:\n–¢–∞–±–ª–∏—Ü—è 1.1\n<math>|(\\neg P)\\Rightarrow(\\neg Q)|</math>\n<math>\\boldsymbol{P}</math>\n<math>\\neg P</math>\n<math>(P \\vee (\\neg</math>\nQ\n<math>\\neg Q</math>\nQ))\n<math>\\mathbf{T}</math>\n<math>\\mathbf{T}</math>\nr\nr\n–¢\nF\nF\nF\nF\nF\nF\n–¢\nF\n–¢\nF\n–û—Å–∫—ñ–ª—å–∫–∏ –¥–≤–∞ –æ—Å—Ç–∞–Ω–Ω—ñ —Å—Ç–æ–≤–ø—Ü—ñ —Ç–∞–±–ª–∏—Ü—ñ —ñ–¥–µ–Ω—Ç–∏—á–Ω—ñ, –≤–∏—Å–ª–æ–≤–ª—é–≤–∞–Ω–Ω—è –∞) —ñ –±)\n—î –ª–æ–≥—ñ—á–Ω–æ –µ–∫–≤—ñ–≤–∞–ª–µ–Ω—Ç–Ω–∏–º–∏.', '–°–∫–ª–∞–¥–µ–º–æ —Ç–∞–±–ª–∏—Ü—é —ñ—Å—Ç–∏–Ω–Ω–æ—Å—Ç—ñ –¥–ª—è –æ—Ç—Ä–∏–º–∞–Ω–æ—ó —Ñ–æ—Ä–º—É–ª–∏, –±–µ—Ä—É—á–∏ –¥–æ —É–≤–∞–≥–∏\n–ª–∏—à–µ –º–æ–∂–ª–∏–≤–µ –∑–Ω–∞—á–µ–Ω–Ω—è –∑–º—ñ–Ω–Ω–æ—ó <math>P</math> (—Ç–∞–±–ª. 1.6):\n–¢–∞–±–ª–∏—Ü—è 1.6\n–ü—ñ–¥—Å—Ç–∞–Ω–æ–≤–∫–∞ <math>P</math> —Ç–∞ —Å–ø—Ä–æ—â–µ–Ω–Ω—è –∑–∞ –∑–∞–∫–æ–Ω–∞–º–∏ –ª–æ–≥—ñ–∫–∏ <math>|</math> –†–µ–∑—É–ª—å—Ç–∞—Ç\n<math>\\boldsymbol{P}</math>\n(–¥–µ –ú–æ—Ä–≥–∞–Ω–∞, —Ç–æ—Ç–æ–∂–Ω–æ—Å—Ç—ñ —Ç–∞ –¥–æ–º—ñ–Ω—É–≤–∞–Ω–Ω—è)\n<math display=""block"">\\neg T \\lor Q = F \\lor Q = Q</math>\nŒ§\nQ\n<math>\\neg F \\lor Q = T \\lor Q = T</math>\nF\nT\n–û—Ç–∂–µ, –≤–∫–∞–∑–∞–Ω–∞ —Ñ–æ—Ä–º—É–ª–∞ –Ω–µ —î —Ç–∞–≤—Ç–æ–ª–æ–≥—ñ—î—é. üõ¶\n10', '<math display=""block"">= x \\wedge z \\wedge t \\vee x \\wedge z \\wedge y \\wedge t = (\\bar{z} \\wedge t) \\wedge (\\bar{x} \\vee (x \\wedge \\bar{y})) = (\\bar{z} \\wedge t) \\wedge (\\bar{x} \\vee \\bar{y})</math>\n58', '–≤–∏–∫–æ–Ω–∞–Ω–Ω—è\n–ø–µ—Ä–µ–≤—ñ—Ä–∏—Ç–∏,\n–µ–∫–≤—ñ–≤–∞–ª–µ–Ω—Ç–Ω–∏—Ö\n–ø–µ—Ä–µ—Ç–≤–æ—Ä–µ–Ω—å\n—á–∏ —î\n—Ç–∞–≤—Ç–æ–ª–æ–≥—ñ—è–º–∏\n–≤–∏—Å–ª–æ–≤–ª—é–≤–∞–Ω–Ω—è:\na) <math>((p \\lor q) \\land (p \\to r) \\land (q \\to r)) \\to r</math>;\nb) <math>((p \\lor q \\lor s) \\land (p \\to r) \\land (q \\to r) \\land (s \\to r)) \\to r;</math>\nc) <math>(((p \\land q) \\rightarrow p) \\land ((q \\land r) \\rightarrow r)) \\rightarrow (p \\rightarrow r);</math>\nd) <math>((p \\lor q) \\land (p \\to r) \\land (q \\to s)) \\to (r \\lor s)</math>.\n–í–∏–∫–æ—Ä–∏—Å—Ç–æ–≤—É—é—á–∏ –∫–æ–º–±—ñ–Ω–æ–≤–∞–Ω–∏–π —Å–ø–æ—Å—ñ–± –≤–∏–∑–Ω–∞—á–∏—Ç–∏, —á–∏ —î —Ç–∞–≤—Ç–æ–ª–æ–≥—ñ—è–º–∏\n8.', ""TEMA 1\nT\n–¢\nŒ§\nŒ§\n–¢\n–¢\nF\nF\nF\n–¢\nF\n–¢\nF\nT\nT\nT\nF\n–¢\nF\nF\n3 –Ω–∏—Ö –≤–∏–ø–ª–∏–≤–∞—î, —â–æ –≤–∏—Å–ª–æ–≤–ª—é–≤–∞–Ω–Ω—è –∞) —ñ –≤) ‚àí —Ç–∞–≤—Ç–æ–ª–æ–≥—ñ—ó.\n5. –ü–æ–±—É–¥–æ–≤–æ—é —Ç–∞–±–ª–∏—Ü—å —ñ—Å—Ç–∏–Ω–Ω–æ—Å—Ç—ñ –∑'—è—Å—É–≤–∞—Ç–∏, —á–∏ —î –ø—Ä–æ—Ç–∏—Ä—ñ—á—á—è–º\n–≤–∏—Å–ª–æ–≤–ª—é–≤–∞–Ω–Ω—è <math>((P \\Rightarrow Q) \\land (Q \\land R)) \\Leftrightarrow (P \\Rightarrow R)</math>.\n–†–æ–∑–≤'—è–∑–∞–Ω–Ω—è\n–ü–æ–∑–Ω–∞—á–∏–º–æ <math>S = (P \\Rightarrow Q) \\land (Q \\land R), U = (P \\Rightarrow \\overline{R})</math>\n–¢–∞–±–ª–∏—Ü—è 1.5\n<math>Q \\wedge R</math>\nS\n<math>\\boldsymbol{P}</math>\nU\nR\n<math>P \\Rightarrow Q</math>\nR""]","In propositional logic, a **tautology** is a formula that is true in every possible interpretation of its variables, meaning it always evaluates to ""true"" regardless of the truth values of its components. Conversely, a **contradiction** is a formula that is false in every possible interpretation, meaning it always evaluates to ""false"".

### Distinguishing Based on Truth Values

- **Tautology:** For a compound proposition to be a tautology, when constructing its truth table, every entry in the final column (which represents the overall truth value of the proposition under various truth assignments to its variables) will be ""true"".
  
- **Contradiction:** For a compound proposition to be a contradiction, every entry in the final column of its truth table will be ""false"".

Thus, if you construct a truth table for a compound proposition and all possible evaluations yield truth values that are entirely ""true"", the proposition is a tautology. If they are all ""false"", then it is a contradiction. 

This distinction hinges entirely on evaluating and interpreting the truth table for the given logical expression, using logical equivalences and transformations if necessary to simplify more complex expressions into recognizable patterns of tautologies or contradictions.","A tautology is a compound proposition that is always true, regardless of the truth values of its individual variables. In contrast, a contradiction is a compound proposition that is always false, regardless of the truth values of its components.",1.0,0.9225571792190415,0.3333333333,1.0
"How is the cardinality of the union of three finite sets $A$, $B$, and $C$ calculated using the Inclusion-Exclusion Principle to account for element overlaps?",['No context found'],"```
üéØ USER GOAL: Understand how to calculate the cardinality of the union of three sets using the Inclusion-Exclusion Principle.
üìã REQUIRED COMPONENTS:
   - Component 1: Explanation of the Inclusion-Exclusion Principle
   - Component 2: Formula for the union of three sets
   - Component 3: Example or application of the formula
```

```
üìä AVAILABLE DATA:
   ‚úÖ From prefetch: 
     - The formula for the cardinality of the union of three sets: \(|A ‚à™ B ‚à™ C| = |A| + |B| + |C| - |A ‚à© B| - |A ‚à© C| - |B ‚à© C| + |A ‚à© B ‚à© C|\)
     - Query about finding the intersection given specific cardinalities
   ‚ùå MISSING: 
     - Broader context or more in-depth examples beyond the provided formula
```

```
ü§î SUFFICIENCY ASSESSMENT:
Can I give a SATISFACTORY answer with current data?
- YES ‚Üí Proceed to answer ‚úì
```

To calculate the cardinality of the union of three finite sets \( A \), \( B \), and \( C \), the Inclusion-Exclusion Principle is employed. This principle helps to properly account for elements that may be included in more than one set, thereby avoiding overcounting. 

The formula used is:
\[
|A ‚à™ B ‚à™ C| = |A| + |B| + |C| - |A ‚à© B| - |A ‚à© C| - |B ‚à© C| + |A ‚à© B ‚à© C|
\]

This equation essentially adds the sizes of all individual sets initially. Then, it subtracts the sizes of the intersections of each pair of sets twice, because these intersections are included in each of their respective sets two times. Finally, it adds back the intersection of all three sets because this intersection was subtracted one too many times.

This principle helps ensure that each element across all sets is counted exactly once in the total.

**Sources**: Prefetch data from ""discrete_math"" notebook.","According to the Inclusion-Exclusion Principle, the cardinality is calculated by summing the sizes of the individual sets, subtracting the sizes of their pairwise intersections, and adding the size of the intersection of all three sets: $|A \cup B \cup C| = |A| + |B| + |C| - (|A \cap B| + |A \cap C| + |B \cap C|) + |A \cap B \cap C|$.",0.0,0.9401056179412367,0.0,0.0
"According to Euler's Theorem, what specific condition regarding vertex degrees serves as both necessary and sufficient for a connected multigraph to contain an Eulerian cycle?",['No context found'],"```
üéØ USER GOAL: Clarify the specific condition for a connected multigraph to contain an Eulerian cycle according to Euler's Theorem.
üìã REQUIRED COMPONENTS:
   - Condition referenced in Euler's Theorem
```

```
üìä AVAILABLE DATA:
   ‚úÖ From prefetch: 
     - A connected multigraph is Eulerian if and only if every vertex has an even degree.
     - For a connected multigraph to contain an Eulerian cycle, it is necessary and sufficient that all vertices have even degrees.
   
   ‚ùå MISSING: Additional context around Euler's Theorem as mentioned and possible exceptions
```

```
ü§î SUFFICIENCY ASSESSMENT:

[For Quick Answer Mode:]
Can I give a SATISFACTORY answer with current data?
- YES ‚Üí The prefetch data already includes the condition that all vertices must have even degrees for the multigraph to be Eulerian. ‚úì
```

A connected multigraph is Eulerian if and only if every vertex has an even degree. According to Euler's Theorem, this condition is both necessary and sufficient for the multigraph to contain an Eulerian cycle. Essentially, each vertex's degree must be even for there to be a path that visits every edge exactly once and returns to the starting vertex, completing a cycle.

**Sources**: Prefetch discrete_math",A connected graph contains an Eulerian cycle if and only if every vertex in the graph has an even degree.,0.0,0.9430614763451767,0.0,0.0
"For a connected planar graph drawn without crossing edges, what is the fundamental algebraic relationship defined by Euler's formula between the number of vertices ($n$), edges ($m$), and faces ($r$)?",['No context found'],"üéØ USER GOAL: Understand the fundamental algebraic relationship defined by Euler's formula for a connected planar graph drawn without crossing edges.

üìã REQUIRED COMPONENTS:
   - Component 1: Definition of Euler's formula in context of planar graphs
   - Component 2: Explanation of the terms in the formula

üìä AVAILABLE DATA:
   ‚úÖ From prefetch: 
     - Euler's formula for a connected planar graph: \( n - m + r = 2 \)
     - Context: Describes vertices (\(n\)), edges (\(m\)), and faces (\(r\)) in planar graphs

   ‚ùå MISSING: None; all required information is present.

ü§î SUFFICIENCY ASSESSMENT:

[For Quick Answer Mode:]
Can I give a SATISFACTORY answer with current data?
- YES ‚Üí Proceed to answer ‚úì

---

Euler's formula for a connected planar graph, when drawn without crossing edges, expresses a fundamental relationship between the number of vertices (\(n\)), edges (\(m\)), and faces (\(r\)) of the graph. The formula is given by:

\[ n - m + r = 2 \]

In this equation:
- \(n\) represents the number of vertices in the graph.
- \(m\) represents the number of edges.
- \(r\) represents the number of faces, including the outer region encircling the graph.

This relationship is significant because it provides a way to verify the structure of planar graphs and is a foundational concept in the study of such graphs.

**Sources**: Prefetch data from `discrete_math` notebook.","Euler's formula states that for a connected planar graph, the relationship is $n - m + r = 2$ (often written as $v - e + f = 2$).",0.0,0.8919799322045531,0.0,0.0
What is the operational procedure of Dijkstra's algorithm when determining the shortest paths from a single source node to all other nodes in a graph with non-negative edge weights?,['No context found'],"```
üéØ USER GOAL: Understand the operational procedure of Dijkstra's algorithm for finding shortest paths in a graph.

üìã REQUIRED COMPONENTS:
   - Component 1: Definition of Dijkstra's algorithm
   - Component 2: Step-by-step operational procedure
   - Component 3: Conditions for completion of the algorithm
```

```
üìä AVAILABLE DATA:
   ‚úÖ From prefetch: Details of Dijkstra's algorithm operation
   ‚úÖ Shortest path determination from a given source node to all other nodes

   ‚ùå MISSING: None
```

```
ü§î SUFFICIENCY ASSESSMENT:

[For Quick Answer Mode:]
Can I give a SATISFACTORY answer with current data?
- YES ‚Üí Proceed to answer ‚úì
```

Dijkstra's algorithm is a well-known method for finding the shortest paths from a single source node to all other nodes in a graph with non-negative edge weights. It operates through the following steps:

1. **Initialization**: Begin with the source node, assigning it a tentative distance value of zero and all other nodes infinity. Set the source node as the current node and mark all other nodes as unvisited.

2. **Exploration**: From the current node, calculate the tentative distances to all its unvisited neighbors. The tentative distance to a neighbor is the sum of the distance from the source to the current node and the weight of the edge connecting them.

3. **Marking**: Once tentative distances are calculated, mark the current node as visited. Visited nodes will not be checked again.

4. **Selection of the Next Node**: Choose the unvisited node that is marked with the smallest tentative distance and set it as the new current node. Repeat the exploration step from this new current node.

5. **Completion**: The algorithm concludes its process when all nodes have been visited. The shortest path and its distance from the source to every node have thus been determined.

The end point is reached when either the shortest path to all reachable nodes is found after \( n-1 \) steps in a connected graph, or when there are no unvisited nodes left in a disconnected graph. Dijkstra's algorithm ensures efficient computation of shortest paths by maintaining a set of nodes where the shortest path is known.

**Sources**: Prefetch discrete_math","Dijkstra's algorithm initializes distances to infinity (source to 0), uses a priority queue to repeatedly select the unvisited node with the smallest tentative distance, and relaxes its neighbors by updating their distances if a shorter path is found through the current node.",0.0,0.9475896882850402,0.0,0.0
"In the context of generating a Minimum Spanning Tree (MST), how does the greedy strategy of Prim's algorithm differ structurally from that of Kruskal's algorithm?",['No context found'],"```
üéØ USER GOAL: Compare the structural differences between Prim's and Kruskal's algorithms in generating a Minimum Spanning Tree (MST).
üìã REQUIRED COMPONENTS:
   - Component 1: Explanation of Prim's algorithm structure
   - Component 2: Explanation of Kruskal's algorithm structure
   - Component 3: Differences in their greedy strategy application
```

```
üìä AVAILABLE DATA:
   ‚úÖ From prefetch: 
      - Prim's algorithm: ""starts with an arbitrary vertex and adds the minimum weight edge""
      - Kruskal's algorithm: ""sorts all edges by weight and adds the smallest edge that doesn't form a cycle""
   
   ‚ùå MISSING: 
      - More detailed comparison on greedy strategy
      - Structural implications of differing approaches
```

```
ü§î SUFFICIENCY ASSESSMENT:

[For Quick Answer Mode:]
Can I give a SATISFACTORY answer with current data?
- YES ‚Üí Proceed to answer ‚úì
```

In the context of generating a Minimum Spanning Tree (MST), Prim's and Kruskal's algorithms both utilize a greedy strategy, but they differ in their structural approach and execution process.

Prim's algorithm starts with an arbitrary vertex and continuously adds the minimum weight edge that connects a vertex in the tree to a vertex outside. It grows the MST one edge at a time from the starting vertex outward, ensuring that any newly added edge will maintain the connected property of the tree without cycles.

Conversely, Kruskal's algorithm takes a global approach by first sorting all edges of the graph by their weight. It then repeatedly adds the smallest edge to the growing MST as long as it doesn‚Äôt form a cycle, effectively connecting components until a single tree spans all vertices. This algorithm emphasizes edge choice rather than vertex adjacency, focusing on edges globally rather than locally.

**Sources**: 
Prefetch discrete_math","Prim's algorithm builds the MST by growing a single tree from a starting vertex, always adding the cheapest edge connecting the tree to a non-tree vertex. Kruskal's algorithm builds the MST by sorting all edges by weight and adding the cheapest edges globally to form a forest, merging trees while ensuring no cycles are created.",0.0,0.930434164057391,0.0,0.0
"How are the nodes of a binary tree processed relative to the root and its subtrees in Preorder, Inorder, and Postorder traversal methods?",['No context found'],"```
üéØ USER GOAL: Understand the order in which nodes of a binary tree are processed in different traversal methods.

üìã REQUIRED COMPONENTS: 
   - Component 1: Preorder traversal node processing order
   - Component 2: Inorder traversal node processing order
   - Component 3: Postorder traversal node processing order
```

```
üìä AVAILABLE DATA:
   ‚úÖ From prefetch: Information on Preorder, Inorder, and Postorder traversal methods.
   ‚ùå MISSING: None, since all the required traversal methods are explained in the prefetch data.
```

```
ü§î SUFFICIENCY ASSESSMENT:
Can I give a SATISFACTORY answer with current data?
- YES ‚Üí Proceed to answer ‚úì
```

In binary tree traversal, the nodes are processed in the following orders according to each method:

1. **Preorder Traversal**: 
   - Nodes are processed in the sequence: **Root, Left subtree, Right subtree**. 
   - This means the root node is processed first, followed by all nodes in the left subtree, and finally all nodes in the right subtree.

2. **Inorder Traversal**: 
   - Nodes are processed following this sequence: **Left subtree, Root, Right subtree**.
   - Here, the nodes of the left subtree are processed first, followed by the root node, and then the nodes of the right subtree.

3. **Postorder Traversal**: 
   - The nodes are processed in the sequence: **Left subtree, Right subtree, Root**.
   - This method processes all the nodes in the left subtree first, then those in the right subtree, and finally the root node.

**Sources**: Prefetch from discrete_math notebook
","In Preorder traversal, the order is Root, then Left Subtree, then Right Subtree. In Inorder traversal, the order is Left Subtree, then Root, then Right Subtree. In Postorder traversal, the order is Left Subtree, then Right Subtree, then Root.",0.0,0.9394719045507448,0.0,0.0
"What characterizes an AVL tree as a self-balancing binary search tree, specifically regarding the allowable height difference between its subtrees?",['No context found'],"```
üéØ USER GOAL: Understand what characterizes an AVL tree as a self-balancing binary search tree in terms of the allowable height difference between its subtrees.

üìã REQUIRED COMPONENTS:
   - Component 1: Definition of an AVL tree
   - Component 2: Explanation of self-balancing properties
   - Component 3: Specifics on height difference between subtrees
```

```
üìä AVAILABLE DATA:
   ‚úÖ From prefetch: AVL trees are self-balancing binary search trees where the height of two subtrees of every node differs by at most one unit.
   ‚úÖ From prefetch: General information on AVL tree rotations and height properties.

   ‚ùå MISSING: No missing information; all required components are available.
```

```
ü§î SUFFICIENCY ASSESSMENT:
Can I give a SATISFACTORY answer with current data?
- YES ‚Üí Proceed to answer ‚úì
```

An AVL tree is characterized as a self-balancing binary search tree primarily due to its strict management of node height balance. Specifically, in an AVL tree, the height of the two subtrees of any given node must differ by at most one unit. This constraint ensures that the tree remains approximately balanced, preventing it from becoming skewed like a traditional binary search tree could, which might degrade search times to linear complexity.

This balancing property is maintained through rotations‚Äîspecific operations that realign the tree when nodes are added or removed. The rotations are done in such a way that the balance condition (height difference of at most one) is preserved throughout all nodes of the tree, giving the AVL tree its characteristic efficiency. The height restriction also ensures that the height of an AVL tree with \( n \) keys is tightly bounded, contributing to its logarithmic search time complexity.

**Sources**: Prefetch discrete_math","An AVL tree is defined by the property that for every node, the height difference (balance factor) between its left and right subtrees is at most 1. If this condition is violated during modification, rotations are performed to rebalance the tree.",0.0,0.9964236089477617,0.0,0.0
"In the theory of binary relations, what specific properties must be present for a relation to be classified as reflexive, symmetric, or transitive?",['No context found'],"üéØ USER GOAL: The user is looking to understand the specific properties that classify a binary relation as reflexive, symmetric, or transitive. 

üìã REQUIRED COMPONENTS:
   - Component 1: Definition and properties of reflexive relations
   - Component 2: Definition and properties of symmetric relations
   - Component 3: Definition and properties of transitive relations

üìä AVAILABLE DATA:
   ‚úÖ From prefetch:
      - Reflexive relation: Identity matrix is a subset, elements along the main diagonal are all ones, graph contains loops at every node
      - Symmetric relation: R equals its inverse, elements are symmetric across the main diagonal
      - Transitive relation: Composition of R with itself is a subset of R, if (a,b) and (b,c) are in R, then (a,c) must also be in R

   ‚ùå MISSING: Nothing critical is missing for a quick answer

ü§î SUFFICIENCY ASSESSMENT:
For Quick Answer Mode:
- YES ‚Üí I can provide a satisfactory answer with the current data ‚úì

Here is a concise explanation of the properties of reflexive, symmetric, and transitive relations in the theory of binary relations:

1. **Reflexive Relation**: A binary relation \( R \) on a set \( A \) is reflexive if every element is related to itself. Mathematically, \( R \) is reflexive if for every element \( a \) in \( A \), the pair \( (a, a) \) is in \( R \). Graphically, this means there are loops at every node, and the identity matrix is a subset of \( R \).

2. **Symmetric Relation**: A binary relation \( R \) is symmetric if any pair in \( R \) implies the reverse pair is also in \( R \). Specifically, for every element pair \( (a, b) \) in \( R \), the pair \( (b, a) \) must also be in \( R \). This means the relation \( R \) is equal to its inverse, and the matrix representing \( R \) is symmetric across the main diagonal.

3. **Transitive Relation**: A binary relation \( R \) on a set \( A \) is transitive if whenever an element \( a \) is related to \( b \) and \( b \) is related to \( c \), then \( a \) is also related to \( c \). Formally, if \( (a, b) \) and \( (b, c) \) are in \( R \), then \( (a, c) \) must be in \( R \). In graphs, if there are edges connecting nodes \( a \to b \) and \( b \to c \), then there is also an edge \( a \to c \).

**Sources**: Prefetch data from the `discrete_math` notebook.","A relation $R$ on set $A$ is reflexive if $(a, a) \in R$ for every $a \in A$. It is symmetric if $(a, b) \in R$ implies $(b, a) \in R$. It is transitive if $(a, b) \in R$ and $(b, c) \in R$ imply $(a, c) \in R$.",0.0,0.9724037147665245,0.0,0.0
"To classify a mathematical function as a bijection (bijective function), which two fundamental mapping conditions must be simultaneously satisfied?",['No context found'],"The classification of a mathematical function as a bijection (bijective function) requires two fundamental mapping conditions to be simultaneously satisfied:

1. **Surjective (Onto) Condition**: A function \( f: A \to B \) is called surjective if the range of its values coincides with the codomain. This means that for every element \( b \) in the codomain \( B \), there exists at least one element \( a \) in the domain \( A \) such that \( f(a) = b \). In essence, every element of the codomain is an image of some element from the domain under the function.

2. **Injective (One-to-One) Condition**: Although not explicitly mentioned in the prefetch data, a function is injective if it maps distinct elements of the domain to distinct elements of the codomain. This means if \( f(a_1) = f(a_2) \), then \( a_1 = a_2 \).

Therefore, a bijection is a function that is both surjective and injective, meaning each element in the codomain corresponds uniquely to an element in the domain. 

**Sources**: Prefetch discrete_math","A function is a bijection if it is both injective (one-to-one), meaning distinct elements map to distinct images, and surjective (onto), meaning every element in the codomain is the image of at least one element in the domain.",0.0,0.9435046202826267,0.0,0.0
What is the graphical method involved in using Karnaugh maps (K-maps) to simplify Boolean expressions into their minimal Disjunctive Normal Form (DNF)?,['No context found'],"```
üéØ USER GOAL: Understand the graphical method using Karnaugh maps for simplifying Boolean expressions to minimal DNF.

üìã REQUIRED COMPONENTS:
   - Component 1: Definition of Karnaugh maps
   - Component 2: Explanation of the graphical method used
   - Component 3: Process of deriving minimal DNF
```

```
üìä AVAILABLE DATA:
   ‚úÖ From prefetch: 
      - Definition involved in using Karnaugh maps
      - Explanation of the graphical method in terms of grouping adjacent cells
      - Process of identifying groups to derive simplified DNF

   ‚ùå MISSING: Further examples or applications of this method (not critical for basic understanding)
```

```
ü§î SUFFICIENCY ASSESSMENT:
Can I give a SATISFACTORY answer with current data?
- YES ‚Üí Proceed to answer ‚úì
```

The graphical method for using Karnaugh maps (K-maps) involves simplifying Boolean expressions into their minimal Disjunctive Normal Form (DNF). Karnaugh maps are a visual representation that helps in minimizing logical expressions by organizing truth values into a grid format where adjacent cells represent combinational possibilities. These maps make it straightforward to identify simplifications in Boolean logic.

In applying this graphical method, the primary focus is on identifying and grouping adjacent cells that contain the value ‚Äò1‚Äô, which are representative of minterms. The grouping process aims to form the largest possible rectangles (groups of 1s) that can cover all these ones while avoiding redundancy and overlaps. Each group aligns with a term in the simplified expression. The goal is to account for all true conditions (1s) in the Boolean function with the fewest number of groups to derive the minimal DNF.

By covering all the 1s in the map efficiently, one can read off the resulting terms directly, giving a minimized Boolean expression in the desired DNF form.

**Sources**: Prefetch discrete_math","Karnaugh maps simplify Boolean functions by mapping truth values onto a grid where adjacent cells differ by only one bit. Groups of adjacent $1$s (sized in powers of 2) are combined to eliminate variables that change state within the group, yielding the minimal Disjunctive Normal Form (sum of products).",0.0,0.9590654160266192,0.0,0.0
"What is the primary purpose of a Hamming code in data transmission, and how is the number of required redundancy (parity) bits calculated?",['No context found'],"```
üéØ USER GOAL: Understand the purpose of Hamming codes in data transmission and how redundancy bits are calculated.
üìã REQUIRED COMPONENTS:
   - Component 1: Purpose of Hamming codes
   - Component 2: Calculation of redundancy bits in Hamming codes
```

```
üìä AVAILABLE DATA:
   ‚úÖ From prefetch: 
     - Purpose: Hamming codes are used in data transmission for error detection and correction.
     - Calculation: The number of required redundancy (parity) bits is mentioned with the formula R_{Hall} = r/n = (n-k)/n, where r is the number of check bits, n is the total number of bits, and k is the number of information bits.

   ‚ùå MISSING: Clarification or more examples of the formula application.
```

```
ü§î SUFFICIENCY ASSESSMENT:

[For Quick Answer Mode:]
Can I give a SATISFACTORY answer with current data?
- YES ‚Üí Proceed to answer ‚úì
```

The primary purpose of Hamming codes in data transmission is to ensure error detection and correction. This is crucial for maintaining data integrity when information is transferred across various channels where noise or interference could otherwise lead to errors.

To calculate the number of required redundancy (parity) bits in a Hamming code, you use the formula R_{Hall} = r/n = (n-k)/n, where:
- \( r \) is the number of check bits,
- \( n \) is the total number of bits (including both data and parity bits),
- \( k \) is the number of information (data) bits.

This formula helps determine how many additional bits are needed to detect and correct errors reliably.

**Sources**: Pretech ""discrete_math""",Hamming code is an error-correcting linear block code capable of detecting and correcting single-bit errors. The number of redundancy bits $r$ required for $m$ data bits is calculated using the inequality $2^r \ge m + r + 1$.,0.0,0.9677303303087953,0.0,0.0
